law_firm_name,website,google_business_profile,legal_directory_listing,city,state,county,phone_number,email,practice_area,street_address,zip_code,msa,priority,number_of_lawyers
Reno County District Attorney's Office,,,https://directory-kard.kscourts.gov/Home/Details?regNum=17715,Hutchinson,KS,Reno,620-694-2715,,General,206 W. 1st Ave,67004,Wichita,2,
Generations Estate Planning & Elder Law LLC,,,https://directory-kard.kscourts.gov/Home/Details?regNum=27450,Hutchinson,KS,Reno,620-662-2905,,General,1 N Main St Ste 419,67501,Wichita,2,
StrongPoint Law,,,https://directory-kard.kscourts.gov/Home/Details?regNum=24295,Hutchinson,KS,Reno,620-728-0005,,General,400 W 1st Ave,67501,Wichita,2,
Martindell Swearer Shaffer Ridenour,,,https://directory-kard.kscourts.gov/Home/Details?regNum=15105,Hutchinson,KS,Reno,620-662-3331,,General,20 Compound Dr,67502-4300,Wichita,2,
"National Credit Adjusters, LLC",,,https://directory-kard.kscourts.gov/Home/Details?regNum=23682,Hutchinson,KS,Reno,620-931-2759,,General,327 W 4th Ave,67501,Wichita,2,
Chief Judge,,,https://directory-kard.kscourts.gov/Home/Details?regNum=23938,Hutchinson,KS,Reno,620-694-2965,,General,206 W 1st Ave,67501,Wichita,2,
Gilliland Green LLC,,,https://directory-kard.kscourts.gov/Home/Details?regNum=7615,Hutchinson,KS,Reno,620-662-0537,,General,"1 N Main St, Ste 700 P.O. Box 2977",67504-2977,Wichita,2,
"Kaplan Law Firm, P.A.",,,https://directory-kard.kscourts.gov/Home/Details?regNum=24307,Hutchinson,KS,Reno,620-314-9202,,General,43 Linksland Dr,67502,Wichita,2,
Reno County Public Defender,,,https://directory-kard.kscourts.gov/Home/Details?regNum=23576,Hutchinson,KS,Reno,620-664-5055,,General,"129 W. 2nd Ave, Ste UPR",67501,Wichita,2,
Mann Wyatt Tanksley,,,https://directory-kard.kscourts.gov/Home/Details?regNum=12640,Hutchinson,KS,Reno,620-662-2400,,General,PO Box 1202,67504-1202,Wichita,2,
Oswald Law,,,https://directory-kard.kscourts.gov/Home/Details?regNum=10654,Hutchinson,KS,Reno,620-662-5489,,General,P.O. Box 2255,67504,Wichita,2,
"Richard E. Oswalt PA, Attorney At Law",,,https://directory-kard.kscourts.gov/Home/Details?regNum=13242,Hutchinson,KS,Reno,620-728-0388,,General,1125 E 4th Ave,67501,Wichita,2,
KDOT,,,https://directory-kard.kscourts.gov/Home/Details?regNum=13684,Hutchinson,KS,Reno,620-860-7390,,General,500 N Hendricks,67504,Wichita,2,
Shanahan Properties LLC,,,https://directory-kard.kscourts.gov/Home/Details?regNum=12049,Hutchinson,KS,Reno,620-727-7262,,General,2901 Westminster Dr,67502,Wichita,2,
Kansas Legal Services - Hutchinson Office,,,https://directory-kard.kscourts.gov/Home/Details?regNum=28649,Hutchinson,KS,Reno,620-694-2955,,General,206 W 1st Ave,67501,Wichita,2,
KS Law Enforcement Training Ctr,,,https://directory-kard.kscourts.gov/Home/Details?regNum=18042,Hutchinson,KS,Reno,620-694-1400,,General,P.O. Box 647,67504,Wichita,2,
"Larry Bolton, Attorney at Law",,,https://directory-kard.kscourts.gov/Home/Details?regNum=6904,Hutchinson,KS,Reno,620-200-9337,,General,"2805 Meadowlake Dr, PO Box 1224",67502,Wichita,2,
"Bretz Injury Law, LLC",,,https://directory-kard.kscourts.gov/Home/Details?regNum=15466,Hutchinson,KS,Reno,620-662-3435,,General,PO Box 1782,67504-1782,Wichita,2,
Burke Law LLC,,,https://directory-kard.kscourts.gov/Home/Details?regNum=26619,Hutchinson,KS,Reno,620-615-9878,,General,201 E 2nd,67501,Wichita,2,
Robinson Law LLC,,,https://directory-kard.kscourts.gov/Home/Details?regNum=15589,Hutchinson,KS,Reno,620-694-9834,,General,PO Box 85,67504-0085,Wichita,2,
Members Mortgage Service,,,https://directory-kard.kscourts.gov/Home/Details?regNum=24470,Hutchinson,KS,Reno,620-665-7713,,General,200 E 1st Ave,67501,Wichita,2,
KS Law Enforcement Training Center,,,https://directory-kard.kscourts.gov/Home/Details?regNum=17452,Hutchinson,KS,Reno,620-694-1506,,General,P.O. Box 647,67504-0647,Wichita,2,
Mitch Rice Injury Law,,,https://directory-kard.kscourts.gov/Home/Details?regNum=20817,Hutchinson,KS,Reno,620-888-5023,,General,201 S. Main St,67501,Wichita,2,
"Forker Suter, LLC",,,https://directory-kard.kscourts.gov/Home/Details?regNum=6442,Hutchinson,KS,Reno,620-663-7131,,General,129 W Second St PO Box 1868,67504-1868,Wichita,2,
"John M. Settle, Attorney & Counselor LLC",,,https://directory-kard.kscourts.gov/Home/Details?regNum=14047,Hutchinson,KS,Reno,620-793-0576,,General,PO Box 130,67504,Wichita,2,
Trummel Law,,,https://directory-kard.kscourts.gov/Home/Details?regNum=16218,Hutchinson,KS,Reno,620-259-8982,,General,2 E 2nd Ave Ste 201,67501,Wichita,2,
Hutchinson Community Foundation,,,https://directory-kard.kscourts.gov/Home/Details?regNum=21151,Hutchinson,KS,Reno,620-727-2196,,General,1 N Main St Ste 501 PO Box 298,67504-0298,Wichita,2,
Genzada Pharmaceuticals,,,https://directory-kard.kscourts.gov/Home/Details?regNum=20924,Hutchinson,KS,Reno,620-204-7150,,General,517 E 30th St Ste E,67502,Wichita,2,
MEWS Law LLC,,,https://directory-kard.kscourts.gov/Home/Details?regNum=26546,Hutchinson,KS,Reno,620-606-0899,,General,PO Box 37,67504,Wichita,2,
"Melinda Young Law, LLC",,,https://directory-kard.kscourts.gov/Home/Details?regNum=24309,Hutchinson,KS,Reno,620-500-5500,,General,1 E 30th Ave PO Box 1405,67502,Wichita,2,
Law Office of Robert Johnson,,,https://directory-kard.kscourts.gov/Home/Details?regNum=14022,Hutchinson,KS,Reno,913-449-2027,,General,305 W. 19th Ave,67502,Wichita,2,
Adams Brown LLC,,,https://directory-kard.kscourts.gov/Home/Details?regNum=19775,Hutchinson,KS,Reno,620-899-4303,,General,"517 E 30th, Ste C",67502,Wichita,2,
