law_firm_name,website,google_business_profile,legal_directory_listing,city,state,county,phone_number,email,practice_area,street_address,zip_code,msa,priority
"Crosby Law, LLC",,https://www.google.com/maps/place/?q=place_id:ChIJdYjL6eDX3ocR_vqndFytoUs,,Cottleville,MO,St. Charles,(636) 373-7415,,Criminal Defense,5377 State Rte N,63304,St. Louis,5
"Jarasek Law, LLC",https://jaraseklaw.wordpress.com/,https://www.google.com/maps/place/?q=place_id:ChIJZxDeYXvV3ocRchhXBJniBz4,,Cottleville,MO,St. Charles,(314) 499-1250,,General,5323 State Rte N #443,63338,St. Louis,4
Borengasser Law Office,http://www.lakestlouislawyer.com,,,Lake Saint Louis,MO,St. Charles,(636) 625-0505,,Intellectual Property,1000 Edgewater Pt,63367,St. Louis,1
"Coyne, Cundiff and Hillemann, PC",https://www.cch-lawyer.com,,,Lake Saint Louis,MO,St. Charles,(636) 561-5599,,Personal Injury,11230 Veterans Memorial Pkwy,63367,St. Louis,5
Haake Law Firm,http://haakelaw.com,,,Lake Saint Louis,MO,St. Charles,(636) 385-5025,,General,212 Centre on the Lk,63367,St. Louis,4
Stephenson Law Office,http://www.stephenson-lawoffice.com,,,Lake Saint Louis,MO,St. Charles,(636) 492-1024,,General,1000 Lake Saint Louis Blvd,63367,St. Louis,4
The Law Offices Of Gregory R Futhey,http://aol.com,,,Lake Saint Louis,MO,St. Charles,(636) 978-9099,,DUI,780 Lakeside Plz,63367,St. Louis,5
William E Johnson Jr LLC Attorney At Law,,,,Lake Saint Louis,MO,St. Charles,(636) 695-4270,,General,220 Centre on the Lk,63367,St. Louis,4
"A & L, Licker Law Firm, LLC",https://mobankruptcyblog.com/,https://www.google.com/maps/place/?q=place_id:ChIJKWoTYNcu34cRCyXKTgwhaYo,,O'Fallon,MO,St. Charles,(636) 916-5400,info@lickerlawfirm.com,Personal Injury,1861 Sherman Dr,63303,St. Louis,5
Adams Law Group,http://www.thinkadamslaw.com/,https://www.google.com/maps/place/?q=place_id:ChIJA9i0WZXX3ocRLZBjw1csiWM,,O'Fallon,MO,St. Charles,(636) 397-4744,,Workers' Compensation,22 Richmond Center Ct,63376,St. Louis,5
Austin Law Firm The Llc,http://bardollaw.com,,,O'Fallon,MO,St. Charles,(636) 695-3020,,General,9211 Phoenix Village Pkwy,63368,St. Louis,4
Beck & Beck Missouri Car Accident Lawyers,https://becklawmo.com/ofallon-mo-car-accident-lawyer/?utm_source=google&utm_medium=organic&utm_campaign=gbp_ofallon,https://www.google.com/maps/place/?q=place_id:ChIJ8V7n8p_R3ocRp4guWImOx1s,,O'Fallon,MO,St. Charles,(636) 238-5934,,Personal Injury,300 Fort Zumwalt Square # 108,63366,St. Louis,5
"Beck, Lenox & Stolzer Estate Planning and Elder Law, LLC",https://www.beckelderlaw.com/,https://www.google.com/maps/place/?q=place_id:ChIJ2Sck3Cwv34cRkbDwuFp9foM,,O'Fallon,MO,St. Charles,(636) 946-7899,info@beckelderlaw.com,Medical Malpractice,2777 W Clay St,63301,St. Louis,5
Beerup Law,http://www.beeruplaw.com/,https://www.google.com/maps/place/?q=place_id:ChIJ1fwVuv4u34cRZDVNTOGt-54,,O'Fallon,MO,St. Charles,(636) 940-1111,,Criminal Defense,603 Boone's Lick Rd,63301,St. Louis,5
"Bert Fulk, Attorney at Law",https://www.bertfulklaw.com/?utm_source=GBP&utm_medium=organic,https://www.google.com/maps/place/?q=place_id:ChIJ72JXjqkv34cRk00xctBomKY,,O'Fallon,MO,St. Charles,(314) 578-9266,logo-w@2x.png,Personal Injury,814 1st Capitol Dr,63301,St. Louis,5
"Blackwell & Associates, P.C.",http://www.blackwell-lawfirm.com,https://www.google.com/maps/place/?q=place_id:ChIJu2-E7xvR3ocRhsL9KFz9-gs,,O'Fallon,MO,St. Charles,(636) 240-3632,,General,2678 Babble Creek Ln,63368,St. Louis,4
Boehmer Law,https://www.boehmerlaw.com/?npcmp=dir:local:4913802:63301,https://www.google.com/maps/place/?q=place_id:ChIJObkSKN4u34cRwHjbQlak1ys,,O'Fallon,MO,St. Charles,(636) 549-8300,,Personal Injury,1603 Boone's Lick Rd,63301,St. Louis,5
Bright Bankruptcy Firm,http://www.brightbk.com/st-peters-missouri-bankruptcy-attorney/,,,O'Fallon,MO,St. Charles,(636) 266-2229,,General,300 St Peters Centre Blvd,63376,St. Louis,4
Briscoe Joseph,http://501lawfirm.com/,https://www.google.com/maps/place/?q=place_id:ChIJ-5aQb6ov34cRn9Q3wIQu_yQ,,O'Fallon,MO,St. Charles,(636) 947-1122,,General,501 1st Capitol Dr #2,63301,St. Louis,4
Brockmeyer Law Offices,https://www.brockmeyerlaw.com/?utm_source=GMB&utm_medium=organic&utm_campaign=saintcharles,https://www.google.com/maps/place/?q=place_id:ChIJDz86CRov34cRyW3Ydz2RAYg,,O'Fallon,MO,St. Charles,(314) 582-5053,,Personal Injury,121 N 5th St,63301,St. Louis,5
Brown & Crouppen,https://www.brownandcrouppen.com/ofallon/?utm_source=google&utm_medium=organic&utm_campaign=gbp-ofallon,https://www.google.com/maps/place/?q=place_id:ChIJh_UT3eDQ3ocRf_QtyWyY1ps,,O'Fallon,MO,St. Charles,(314) 237-8832,,Personal Injury,110 Laura K Dr,63366,St. Louis,5
Burrows Law Group,http://www.burrowslawgroup.com/,https://www.google.com/maps/place/?q=place_id:ChIJg3jodiUv34cRtGBPiVk73wo,,O'Fallon,MO,St. Charles,(636) 232-9701,,General,814 1st Capitol Dr,63301,St. Louis,4
Casey Cynthia Louis PC Attorney,http://www.familylegal.com,https://www.google.com/maps/place/?q=place_id:ChIJq6om2K0v34cRN7gxTSrs4TI,,O'Fallon,MO,St. Charles,(636) 949-0010,,Tax Law,228 N Main St,63301,St. Louis,2
Cathcart Estate Planning LLC,https://www.cathcartestateplanning.com/,https://www.google.com/maps/place/?q=place_id:ChIJGckcLK3X3ocRmOgbF0YuRK4,,O'Fallon,MO,St. Charles,(636) 206-6275,,Estate Planning,5988 Mid Rivers Mall Dr #117,63304,St. Louis,2
Charles W Taylor Attorney At Law,http://www.taylorlawfirmstl.com/,https://www.google.com/maps/place/?q=place_id:ChIJraWeIKkv34cRPo8biIyiIDI,,O'Fallon,MO,St. Charles,(636) 947-7100,605a7baede844d278b89dc95ae0a9123@sentry-next.wixpress.com,Criminal Defense,400 N 5th St #110,63301,St. Louis,5
Chassaniol & Marty LLC,http://www.trialstl.com/,https://www.google.com/maps/place/?q=place_id:ChIJn8JS-SMo34cRDsI3wTr1aqc,,O'Fallon,MO,St. Charles,(636) 486-4861,,Personal Injury,5301 Veterans Memorial Pkwy #201,63376,St. Louis,5
"Chris Lozano, Attorney at Law",https://www.clozanolaw.com/,https://www.google.com/maps/place/?q=place_id:ChIJ9a9uYofP3ocRk0qDu76IVgk,,O'Fallon,MO,St. Charles,(636) 344-9068,,Criminal Defense,2032 Hanley Rd Suite 232,63368,St. Louis,5
Christine Miller Hendrix,http://www.cmhattorneyatlaw.com,,,O'Fallon,MO,St. Charles,(636) 240-7700,,General,120 OFallon Plz,63366,St. Louis,4
"Chuck Gray, Attorney at law",http://www.cpgraylaw.com,,,O'Fallon,MO,St. Charles,(636) 978-6155,,General,9035 Veterans Memorial Pkwy,63366,St. Louis,4
Cook Law Credit Report Error Repair Attorney & Identity Theft Lawyer,https://creditlawyerllc.com/?utm_source=google&utm_medium=organic&utm_campaign=gmb-stcharles&utm_content=website,https://www.google.com/maps/place/?q=place_id:ChIJ1e-BUxDL2IcRWZThHDFE1Kw,,O'Fallon,MO,St. Charles,(314) 403-8335,,Bankruptcy,1360 S 5th St Suite 336 D,63301,St. Louis,2
"Cordell & Cordell | Family Law, Divorce & Estate Planning",https://cordellcordell.com/offices/missouri/saint-charles/,https://www.google.com/maps/place/?q=place_id:ChIJiR4_zzgo34cR3OH96NAWK6c,,O'Fallon,MO,St. Charles,(636) 946-8900,contactus@cordelllaw.com,Family Law,3050 W Clay St #101,63301,St. Louis,4
Dalton Law Firm,https://www.schormannlaw.com/?npcmp=dir:local:4981661:63376,https://www.google.com/maps/place/?q=place_id:ChIJL09LWJXX3ocRZ7pKKNvBdN0,,O'Fallon,MO,St. Charles,(636) 875-7653,,Family Law,1 Mid Rivers Mall Dr #256,63376,St. Louis,4
Daniel V Boeckman,,,,O'Fallon,MO,St. Charles,(636) 978-8289,,General,423 Woodlawn Ave,63366,St. Louis,4
David E Woods Law,https://davidewoods.com/,https://www.google.com/maps/place/?q=place_id:ChIJ1-MiCY7Q3ocRAj4Ck8XeGyo,,O'Fallon,MO,St. Charles,(636) 448-1748,,Intellectual Property,427 W Terra Ln,63366,St. Louis,1
Davis & Associates Attorneys at Law,https://www.thestlouisdivorceattorney.com/saint-charles-mo/?utm_source=google&utm_medium=maps&utm_campaign=gmb_saint_charles,https://www.google.com/maps/place/?q=place_id:ChIJzYoOQ8Uv34cRDYM3g2_-xt0,,O'Fallon,MO,St. Charles,(314) 396-8925,,Family Law,117 S Main St Office 40,63301,St. Louis,4
Douglas R Smith Attorney At Law,http://www.ofallonlawfirm.com,,,O'Fallon,MO,St. Charles,(636) 272-6601,,Criminal Defense,225 S Main St,63366,St. Louis,5
Farrell & Martin,https://www.farrellandmartin.com/,https://www.google.com/maps/place/?q=place_id:ChIJMxdYV2vX3ocRugi_eiER4aA,,O'Fallon,MO,St. Charles,(636) 397-2600,,Personal Injury,220 Salt Lick Rd,63376,St. Louis,5
Flesner Wentzel,http://www.flesnerwentzel.com/,https://www.google.com/maps/place/?q=place_id:ChIJiV2uiVQu34cRUHeskpgREF8,,O'Fallon,MO,St. Charles,(636) 442-4529,info@www.flesnerwentzel.com,Criminal Defense,820 S Main St #200,63301,St. Louis,5
Floodman Law,http://www.floodmanlawllc.com,,,O'Fallon,MO,St. Charles,(636) 265-0036,wfloodman@floodmanlawllc.com,Criminal Defense,1031 Peruque Crossing Ct,63366,St. Louis,5
Gartner Law Firm,https://www.gartnerlawfirm.com/,https://www.google.com/maps/place/?q=place_id:ChIJMxdYV2vX3ocRPs3f4-kNjT4,,O'Fallon,MO,St. Charles,(636) 397-2111,richard.gartner@gartnerlawfirm.com,Personal Injury,220 Salt Lick Rd,63376,St. Louis,5
"Glaesman Law Firm, LLC",https://www.glaesmanlaw.com/?utm_source=google-local&utm_medium=organic&utm_campaign=3112,https://www.google.com/maps/place/?q=place_id:ChIJiV2uiVQu34cRLlYL5qgMeNI,,O'Fallon,MO,St. Charles,(314) 827-4384,,General,820 S Main St #208,63301,St. Louis,4
Gonwa Law LLC,http://www.gonwalawgroup.com/,https://www.google.com/maps/place/?q=place_id:ChIJgXzDYJnI3ocRNk3GaW8Lp0M,,O'Fallon,MO,St. Charles,(636) 980-7035,info@gonwalawgroup.com,Personal Injury,1001 Boardwalk Springs Pl Suite 111,63368,St. Louis,5
Hamilton Weber LLC,https://www.hamiltonweber.com/?npcmp=dir:local:3058811:63301,https://www.google.com/maps/place/?q=place_id:ChIJQRRaqK4v34cRvfvHnZ4Ltz4,,O'Fallon,MO,St. Charles,(636) 947-4700,,Personal Injury,200 N 3rd St,63301,St. Louis,5
Hanson Dalton & Kruse Attorneys at Law,http://www.hansonkruselaw.com,,,O'Fallon,MO,St. Charles,(636) 474-6400,,General,225 S Main St Ste 250,63366,St. Louis,4
Harmony Mediation,,,,O'Fallon,MO,St. Charles,(636) 578-9201,,General,1001 Boardwalk Springs Pl,63368,St. Louis,4
Haymon Law Office,https://haymonlawoffice.com/,https://www.google.com/maps/place/?q=place_id:ChIJaX-FrbAp34cRsgbpfMFYu0A,,O'Fallon,MO,St. Charles,(314) 896-1051,glennetta@haymonlawoffice.com,Estate Planning,3906 Old Hwy 94 S Suite 200,63304,St. Louis,2
Haynes Law Office LLC,http://thehayneslawoffice.com,https://www.google.com/maps/place/?q=place_id:ChIJfVl-dT_Q3ocRBX5kACtW6dk,,O'Fallon,MO,St. Charles,(636) 978-4400,,General,1070 Bryan Rd,63366,St. Louis,4
Hollander Legal - Estate Planning & Probate,http://www.hollanderlegal.com/,https://www.google.com/maps/place/?q=place_id:ChIJuWST7kjX3ocRCXt3aYQu_MI,,O'Fallon,MO,St. Charles,(636) 442-4670,,Estate Planning,1585 Kisker Rd Suite C,63304,St. Louis,2
Hutcherson Law Firm,http://hutchersonlaw.com,,,O'Fallon,MO,St. Charles,(636) 240-1615,,General,214 Church St,63366,St. Louis,4
"InNovare Law, LC",,https://www.google.com/maps/place/?q=place_id:ChIJjfGDGKkv34cRXOQk8dxeTCA,,O'Fallon,MO,St. Charles,(636) 946-3030,,Criminal Defense,6700 Keaton Corporate Pkwy #101,63368,St. Louis,5
"James Law Group, LLC.",https://www.jameslawgroup.net/,https://www.google.com/maps/place/?q=place_id:ChIJG8dXJEHX3ocR3oWHjHdLtlo,,O'Fallon,MO,St. Charles,(636) 397-2411,cjlaw@charliejames.com,Personal Injury,14 Richmond Center Ct,63376,St. Louis,5
John Zimmerman,http://saintpetersmolawyersoffice.com,,,O'Fallon,MO,St. Charles,(314) 637-9252,,General,"4011 North Saint Peters pkwy, Suite 200",63304,St. Louis,4
Johnson Law Offices,http://www.johnsonlawstl.com/,https://www.google.com/maps/place/?q=place_id:ChIJG27ll84u34cRaeJucHi8Ra8,,O'Fallon,MO,St. Charles,(636) 916-5529,brysjohn@yahoo.com,Personal Injury,60 Hill Pointe Ct,63303,St. Louis,5
Kasper Law Firm LLC,http://www.kasperlawfirm.com,https://www.google.com/maps/place/?q=place_id:ChIJWQjZGfEp34cRdIy5Trds3LM,,O'Fallon,MO,St. Charles,(636) 922-7100,,General,3930 Old Hwy 94 S # 108,63304,St. Louis,4
Koor Andrew H,https://www.suddarthandkoor.com/?npcmp=dir:local:1566860:63366,https://www.google.com/maps/place/?q=place_id:ChIJgdwuZ4nQ3ocR0vevJFnemWw,,O'Fallon,MO,St. Charles,(636) 240-7644,,Personal Injury,755 W Terra Ln,63366,St. Louis,5
Kruse Law Office,http://www.kruse.law/,https://www.google.com/maps/place/?q=place_id:ChIJ3xUH7pnQ3ocRKM-Htlvbu10,,O'Fallon,MO,St. Charles,(636) 240-8000,michael@kruse.law,Personal Injury,103 Church St,63366,St. Louis,5
Lance Law Firm,http://lancelawfirm.net/,https://www.google.com/maps/place/?q=place_id:ChIJKy2o5JDW3ocR4i1-DkbEPQw,,O'Fallon,MO,St. Charles,(636) 498-1100,brentlance@lance-lawfirm.com,Personal Injury,5520 St Charles St,63304,St. Louis,5
Law Office Of Holly A Zar,,,,O'Fallon,MO,St. Charles,(636) 219-9798,,General,2046 Queensbrooke Blvd,63376,St. Louis,4
Law Office of Kenneth P. Carp,http://www.kcarplaw.com,https://www.google.com/maps/place/?q=place_id:ChIJ75tBFt3T3ocRZfh79G4ORbY,,O'Fallon,MO,St. Charles,(636) 947-3600,,Personal Injury,4142 Keaton Crossing Blvd #106,63368,St. Louis,5
Law Office of Mark Brown LLC,,https://www.google.com/maps/place/?q=place_id:ChIJkysHmJHP3ocRFT9vY77B1y8,,O'Fallon,MO,St. Charles,(636) 543-8700,,Criminal Defense,410 Crestview Dr,63366,St. Louis,5
Law Office of Michael R. Hanson,https://ofallonattorney.com/,https://www.google.com/maps/place/?q=place_id:ChIJq4eIl3TR3ocRwl3DPCgESjQ,,O'Fallon,MO,St. Charles,(636) 240-6130,,Personal Injury,225 S Main St #250,63366,St. Louis,5
Law Office of Stacey L. Meinen,http://www.meinenlaw1.com/,https://www.google.com/maps/place/?q=place_id:ChIJxz5N8nvW3ocRktUVPf8AGuU,,O'Fallon,MO,St. Charles,(636) 244-3729,stacey.meinen@gmail.com,Personal Injury,6209 Mid Rivers Mall Dr,63304,St. Louis,5
Law Offices of Tim G. Lee LLC,http://www.timleelaw.com,,,O'Fallon,MO,St. Charles,(636) 928-2121,,General,1600 Heritage Lndg Ste 201,63303,St. Louis,4
"Lecour Family Law, LLC",https://www.divorcelawyerstlouismo.com/,https://www.google.com/maps/place/?q=place_id:ChIJQcm6533J2IcRr60rJt2487U,,O'Fallon,MO,St. Charles,(636) 685-0440,melissa@divorcelawyerstlouismo.com,Family Law,38 Crossroads Plaza,63368,St. Louis,4
Legacy Law Center,https://www.legacylawmissouri.com/,https://www.google.com/maps/place/?q=place_id:ChIJ_0PRFR7O3ocRdzaVrw8jq-Y,,O'Fallon,MO,St. Charles,(636) 486-2619,chuck.moore@legacylawmissouri.com,Family Law,3401 Technology Dr Suite 219,63367,St. Louis,4
Lutfiyya Law Firm,http://llfllc.com,,,O'Fallon,MO,St. Charles,(636) 205-4200,info@dbsroofingcontractors.com,Social Security Disability,1286 Jungermann Rd,63376,St. Louis,1
Markell Estate Planning & Elder Law LC,http://www.markellpc.com/?utm_campaign=gmb,https://www.google.com/maps/place/?q=place_id:ChIJc6WjM1zR3ocRPT2HtVvQ7nE,,O'Fallon,MO,St. Charles,(636) 466-8349,,Estate Planning,6700 Keaton Corporate Pkwy Suite 102,63368,St. Louis,2
"Markwell Law, LLC",http://stcharlesbankruptcylawyer.com/,https://www.google.com/maps/place/?q=place_id:ChIJIUoOwtrR3ocRyNT7tlqOj-E,,O'Fallon,MO,St. Charles,(636) 486-1093,,Criminal Defense,1600 Heritage Landing Ste. 202B,63303,St. Louis,5
Marler Law Group,http://www.marlerlawgroup.com/,https://www.google.com/maps/place/?q=place_id:ChIJSThhH6ov34cRexvFpuZUOKY,,O'Fallon,MO,St. Charles,(636) 757-3636,,Criminal Defense,515 Jefferson St D,63301,St. Louis,5
"Martin, Leyhe, Stuckmeyer & Associates LLC",https://www.mlslawmo.com/?npcmp=dir:local:3955468:63301,https://www.google.com/maps/place/?q=place_id:ChIJOwlY3Ksv34cRehxHRvfImbo,,O'Fallon,MO,St. Charles,(636) 487-4097,,Civil Litigation,330 Jefferson St,63301,St. Louis,3
McMillan Dodd Law Firm LLC,http://www.mcmillandoddlaw.com/,https://www.google.com/maps/place/?q=place_id:ChIJ81gxj8Ep34cR8k5N4bPNxvs,,O'Fallon,MO,St. Charles,(636) 922-1888,,Personal Injury,7361 Veterans Memorial Pkwy,63376,St. Louis,5
"Missouri Legal Solutions, LLC",http://www.divorcemo.com/,https://www.google.com/maps/place/?q=place_id:ChIJ0WSFJvPR3ocReTMQtAFOp30,,O'Fallon,MO,St. Charles,(636) 896-5819,,Family Law,1001 Boardwalk Springs Pl #111,63368,St. Louis,4
Mitchell D. Johnson Attorney at Law,,https://www.google.com/maps/place/?q=place_id:ChIJX0CjGtcu34cRvrTO39Vy_5k,,O'Fallon,MO,St. Charles,(636) 757-3400,,Criminal Defense,1523 S Old Hwy 94 B,63303,St. Louis,5
Mr. Donald Baerveldt,https://saintcharleslawyer.com/?npcmp=dir:local:4226084:63301,https://www.google.com/maps/place/?q=place_id:ChIJiV2uiVQu34cRcnXLwbtcLuA,,O'Fallon,MO,St. Charles,(636) 260-2515,,Personal Injury,820 S Main St #208,63301,St. Louis,5
Nicholas R Brockmeyer - Attorney at Law,http://www.nickbrockmeyer.com/,https://www.google.com/maps/place/?q=place_id:ChIJqfKWhxUv34cR1FAyGmiKTEM,,O'Fallon,MO,St. Charles,(314) 580-6078,nick@nickbrockmeyer.com,Personal Injury,121 N 5th St,63301,St. Louis,5
O'mara Law Firm,http://frahmlaw.com/,https://www.google.com/maps/place/?q=place_id:ChIJT6TgMyco34cRr2LUP2RUdb0,,O'Fallon,MO,St. Charles,(636) 229-4070,,Social Security Disability,5770 Mexico Rd Suite A,63376,St. Louis,1
Page Law,https://www.pagelaw.com/service-areas/st-charles-county-mo/st-peters/,https://www.google.com/maps/place/?q=place_id:ChIJZ09LWJXX3ocRwSSUebovE-E,,O'Fallon,MO,St. Charles,(636) 278-1202,john@pagelaw.com,Personal Injury,24 Richmond Center Ct,63376,St. Louis,5
Polaris Estate Planning and Elder Law,https://polarisplans.com/ofallon-estate-planning/?utm_source=GBPlistingOFallon&utm_medium=organic,https://www.google.com/maps/place/?q=place_id:ChIJ9wa_SkHT3ocRVMT_iNjdzxQ,,O'Fallon,MO,St. Charles,(636) 422-5107,,Family Law,856 Waterbury Falls Dr #200,63368,St. Louis,4
Pontello Law,http://www.attorney-stpeters.com,,,O'Fallon,MO,St. Charles,(636) 541-7673,,General,5988 Mid Rivers Mall Dr,63304,St. Louis,4
Radford R Raines III Law Office,http://eresourcesonline.com,,,O'Fallon,MO,St. Charles,(636) 240-6258,,General,105 Church St,63366,St. Louis,4
"Raymond Chandler, Attorney at Law",http://www.raymondchandlerlaw.com/#BNOBlw,,,O'Fallon,MO,St. Charles,(636) 498-9441,info@polarisplans.com,Medical Malpractice,5770 Mexico Rd,63376,St. Louis,5
Richard R Veit Law Office,https://richardrveitlaw.com/,https://www.google.com/maps/place/?q=place_id:ChIJRxT1ca4v34cR-2w7Ta0QNG8,,O'Fallon,MO,St. Charles,(636) 916-4357,,Personal Injury,225 S Main St #250,63366,St. Louis,5
Rose Legal Services,https://www.roselegalservices.com/,https://www.google.com/maps/place/?q=place_id:ChIJSw6Op6Iy34cReikg2rlTJBo,,O'Fallon,MO,St. Charles,(314) 671-0035,,Criminal Defense,1520 S 5th St Ste 210,63303,St. Louis,5
Ryan Law Firm,https://www.toddryanlawfirm.com,https://www.google.com/maps/place/?q=place_id:ChIJuVV18a4v34cRskCtqpvPIWU,,O'Fallon,MO,St. Charles,(636) 916-1500,,General,415 N 2nd St,63301,St. Louis,4
"Ryan R. Cox & Associates, LLC",http://www.rrcandassociates.com/,https://www.google.com/maps/place/?q=place_id:ChIJU7x4Svou34cRfU809E6_l6g,,O'Fallon,MO,St. Charles,(636) 782-3337,,General,1520 S 5th St Suite 215,63303,St. Louis,4
Saale Law Firm,https://www.saalelaw.com/contact-us,https://www.google.com/maps/place/?q=place_id:ChIJVVWFUGvX3ocR_GEgXhQyq0Y,,O'Fallon,MO,St. Charles,(636) 397-7130,shawn@saalelaw.com,General,220 Salt Lick Rd,63376,St. Louis,4
Scott Pollard Law,http://www.pollardlawstl.com,,,O'Fallon,MO,St. Charles,(636) 379-2479,,Family Law,1034 Pebble Beach Dr,63366,St. Louis,4
Shannon Norman Law,https://www.shannonnormanlaw.com/,https://www.google.com/maps/place/?q=place_id:ChIJMxdYV2vX3ocR-BMRnwxORJw,,O'Fallon,MO,St. Charles,(636) 387-7470,,General,819 Mid Rivers Mall Dr,63376,St. Louis,4
"Shea Kohl Law, LC",https://www.sklaw.com/,https://www.google.com/maps/place/?q=place_id:ChIJd0kFIKkv34cRdg9Slf53nl0,,O'Fallon,MO,St. Charles,(636) 946-9999,,Personal Injury,400 N 5th St #200,63301,St. Louis,5
Simpson Scott E,,https://www.google.com/maps/place/?q=place_id:ChIJEafBbqwv34cR24D-hPb059s,,O'Fallon,MO,St. Charles,(636) 947-7412,,Criminal Defense,,63301,St. Louis,5
Skilled Law LLC,http://www.45bucks.com/,https://www.google.com/maps/place/?q=place_id:ChIJWU4yrgUp34cRwYzgiC9oP0s,,O'Fallon,MO,St. Charles,(636) 916-4040,felicia@carterlegal.com,Criminal Defense,4200 N Cloverleaf Dr Suite O,63376,St. Louis,5
Smith & Daiber,http://www.smithdaiberlaw.com,,,O'Fallon,MO,St. Charles,(636) 294-6170,,General,1646 Bryan Rd,63368,St. Louis,4
"Smith Law Offices, LLC",https://www.nevadasmithlaw.com/,https://www.google.com/maps/place/?q=place_id:ChIJe9b4nakv34cRl91_AdgBr88,,O'Fallon,MO,St. Charles,(636) 400-1177,,Criminal Defense,800 Clark St,63301,St. Louis,5
"St. Thomas Legal, LLC",http://stthomaslegal.com/,https://www.google.com/maps/place/?q=place_id:ChIJXxU9FR7O3ocRoz3hTn3BZHU,,O'Fallon,MO,St. Charles,(314) 623-1693,info@stthomaslegal.com,Personal Injury,38 Crossroads Plaza,63368,St. Louis,5
Staebell Law LLC,https://www.staebell.law/,https://www.google.com/maps/place/?q=place_id:ChIJm8HeGSIo34cR3Kiy3ng3Qnw,,O'Fallon,MO,St. Charles,(636) 272-3600,,Criminal Defense,202 S Main St,63366,St. Louis,5
"Stange Law Firm, PC",https://www.stangelawfirm.com/?utm_campaign=gmb,https://www.google.com/maps/place/?q=place_id:ChIJ0e_dz_su34cR5cZrulGM3Xo,,O'Fallon,MO,St. Charles,(855) 771-1494,chosen-sprite@2x.png,Family Law,2268 Bluestone Dr,63303,St. Louis,4
Strobing Law Firm,http://www.mattweberlaw.net/,https://www.google.com/maps/place/?q=place_id:ChIJhw3jaLnX3ocRO4kuEivGfqc,,O'Fallon,MO,St. Charles,(636) 219-7272,,Personal Injury,340 Mid Rivers Mall Dr,63376,St. Louis,5
The Bellon Law Group,http://www.bellonlawgroup.com/,https://www.google.com/maps/place/?q=place_id:ChIJy6LexgQv34cRksHpZfFMoWE,,O'Fallon,MO,St. Charles,(636) 949-3111,,Personal Injury,533 Jefferson St,63301,St. Louis,5
The Boyd Law Group Lc,http://boydlaw.com,,,O'Fallon,MO,St. Charles,(636) 447-8500,curtis@boydlaw.com,Criminal Defense,300 Saint Peters Centre Blvd,63376,St. Louis,5
The Fairless Law Firm LLC,http://fairlesslaw.com/,https://www.google.com/maps/place/?q=place_id:ChIJA9DZf1Qp34cRCIrXHKZv1Bw,,O'Fallon,MO,St. Charles,(636) 317-1292,formsmain.min.csschosen-sprite@2x.png,Civil Litigation,5770 Mexico Rd Suite A,63376,St. Louis,3
"The Family Law Group, LLC",http://www.familylawgroupllc.com/,https://www.google.com/maps/place/?q=place_id:ChIJZwtNoC4v34cR1KA2v5-1nqw,,O'Fallon,MO,St. Charles,(636) 947-8181,familylawgroup@gmail.com,Criminal Defense,6 Westbury Dr # D,63301,St. Louis,5
The Gori Law Firm | Mesothelioma & Asbestos Exposure Lawyers,https://www.gorilaw.com/mesothelioma/missouri-lawyer/st-louis-office/?utm_source=google&utm_medium=organic&utm_campaign=gbp-st-peters,https://www.google.com/maps/place/?q=place_id:ChIJ5SUFldjX3ocR-ochg1NKjHs,,O'Fallon,MO,St. Charles,(314) 310-2301,info@gorilaw.com,Personal Injury,5770 Mexico Rd,63376,St. Louis,5
"The JMH Law Firm, LLC",http://www.notguilty-stl.com/,https://www.google.com/maps/place/?q=place_id:ChIJOeHRKqwv34cRXzatjaAwIu4,,O'Fallon,MO,St. Charles,(314) 827-6222,joe@jmhlawfirm.com,Personal Injury,223 N Main St,63301,St. Louis,5
The Johnson Law Firm,http://www.johnsonlawfirm.net,,,O'Fallon,MO,St. Charles,(636) 970-3700,,General,220 Salt Lick Rd,63376,St. Louis,4
The Kline Law Firm,http://www.klinelawstl.com/,https://www.google.com/maps/place/?q=place_id:ChIJCcHTMKwv34cRnS18o6T69qk,,O'Fallon,MO,St. Charles,(636) 352-2030,webmaster@klinelawstl.com,General,125 N Main St #100,63301,St. Louis,4
The Lampin Law Firm LLC,https://lampinlaw.com/,https://www.google.com/maps/place/?q=place_id:ChIJIcZNqiAo34cRiLTJI-lE5n8,,O'Fallon,MO,St. Charles,(636) 229-9999,,Personal Injury,5770 Mexico Rd Suite A,63376,St. Louis,5
"The Law Office of Thomas Crocco, LLC",https://thomascroccolaw.com/,https://www.google.com/maps/place/?q=place_id:ChIJ4deJ9xu-3ocRJ2jg2E011nE,,O'Fallon,MO,St. Charles,(636) 775-1842,,Personal Injury,14 Richmond Center Ct,63376,St. Louis,5
"The Law Offices of John M. Lynch, LLC",http://www.lynchlawonline.com/,https://www.google.com/maps/place/?q=place_id:ChIJedFwfCnL2IcRdaIaGuSZjx4,,O'Fallon,MO,St. Charles,(314) 726-9999,,Personal Injury,5770 Mexico Rd Suite A,63376,St. Louis,5
The Law Offices of Nathan A. Steimel,http://www.steimel-law.com/,https://www.google.com/maps/place/?q=place_id:ChIJy7YosgYv34cRAkdgSM4g0hc,,O'Fallon,MO,St. Charles,(636) 244-3737,nsteimel@steimel-law.com,Personal Injury,400 N 5th St #200,63301,St. Louis,5
"The Marks Law Firm, L.L.C.",https://www.themarkslawfirm.com/contact-us/ofallon-mo-divorce-attorneys/?utm_source=gbp&utm_medium=organic&utm_campaign=ofallon-mo,https://www.google.com/maps/place/?q=place_id:ChIJq00DWr0y34cRc6Dnyvxx1lc,,O'Fallon,MO,St. Charles,(314) 993-6300,,Family Law,1001 Boardwalk Springs Pl Suite 111,63368,St. Louis,4
The O’Rourke Law Firm LLC,http://theorourkelawfirm.com/,https://www.google.com/maps/place/?q=place_id:ChIJT92HvpnQ3ocRRYRBBQ30sLw,,O'Fallon,MO,St. Charles,(636) 275-1542,,General,202 S Main St,63366,St. Louis,4
The Paule Law Office,,https://www.google.com/maps/place/?q=place_id:ChIJ0w1w7pnQ3ocRpeRPGjQnoD0,,O'Fallon,MO,St. Charles,(636) 541-3996,,Criminal Defense,225 S Main St #250,63366,St. Louis,5
The Small Business Law Center,http://www.thesmallbusinesslawcenter.com/,https://www.google.com/maps/place/?q=place_id:ChIJ-WB_7xTW3ocRysAy1qXc_WU,,O'Fallon,MO,St. Charles,(636) 244-5252,,General,2705 St Peters Howell Rd,63376,St. Louis,4
Tim Lohmar Attorney at Law,http://timlohmar.com/,https://www.google.com/maps/place/?q=place_id:ChIJrWxtUWPP3ocR2cej2l-1S6E,,O'Fallon,MO,St. Charles,(636) 224-8110,,Criminal Defense,2342 Technology Dr Suite 120,63368,St. Louis,5
Traffic Law Center,https://www.trafficlawcenters.com/,https://www.google.com/maps/place/?q=place_id:ChIJ2dzHFL_X3ocRCNJdP9Gd3JM,,O'Fallon,MO,St. Charles,(314) 842-5381,jsinovic@trafficlawcenter.com,Criminal Defense,301 Mid Rivers Mall Dr,63376,St. Louis,5
Traffic Law Firm of Missouri,http://www.trafficlawmo.com/,https://www.google.com/maps/place/?q=place_id:ChIJpX4XCT2-3ocR96MpiAv4JRs,,O'Fallon,MO,St. Charles,(636) 462-7867,info@trafficlawmo.com,Personal Injury,819 Mid Rivers Mall Dr,63376,St. Louis,5
Traffic Law Headquarters,http://trafficlawheadquarters.com,,,O'Fallon,MO,St. Charles,(636) 387-0957,,Personal Injury,310 Mid Rivers Mall Drive,63376,St. Louis,5
TuckerAllen,https://tuckerallen.com,,,O'Fallon,MO,St. Charles,(314) 384-6278,tuckerallenstcharlesmo@cordelllaw.onmicrosoft.com,Estate Planning,"2897 State Hwy K,#210",63368,St. Louis,2
"Turken and Porzenski, L.L.C.",https://www.stcharleslaw.com/?npcmp=dir:local:1158518:63301,https://www.google.com/maps/place/?q=place_id:ChIJjfGDGKkv34cRDx9Dj_mSoVk,,O'Fallon,MO,St. Charles,(636) 352-1619,,Family Law,131 Jefferson St STE 101,63301,St. Louis,4
UAW Legal Services Plan,https://www.uawlegalservices.com/,https://www.google.com/maps/place/?q=place_id:ChIJaR3e8uvP3ocRqT5eNYjk8sg,,O'Fallon,MO,St. Charles,(636) 561-2057,clientcomments@uawlsp.com,Family Law,1000 Lake St Louis Blvd # 120,63367,St. Louis,4
Ullmann & Ullmann PC,,,,O'Fallon,MO,St. Charles,(636) 441-3030,,General,1445 Triad Center Dr,63376,St. Louis,4
Watkins Law Firm,http://www.watlaw.net/,https://www.google.com/maps/place/?q=place_id:ChIJIUoOwtrR3ocRgl20SF0d4zg,,O'Fallon,MO,St. Charles,(636) 625-6448,,General,1001 Boardwalk Springs Pl Suite 111,63368,St. Louis,4
Wayne T. Schoeneberg,https://www.wayneslawoffice.com/,https://www.google.com/maps/place/?q=place_id:ChIJ4wDuByQo34cRjUClUxmuI60,,O'Fallon,MO,St. Charles,(314) 708-1000,wayne.schoeneberg@gmail.com,Criminal Defense,223 N Main St,63301,St. Louis,5
Welch Law LLC,https://welchlawllc.com/,https://www.google.com/maps/place/?q=place_id:ChIJFcphH_PR3ocRLkGqahLLXUo,,O'Fallon,MO,St. Charles,(636) 352-1222,scott@welchlawllc.com,Estate Planning,50 Centre On The Lk Ste. 200,63367,St. Louis,2
Westbrook Law Group,http://www.westbrooklawgroup.com/,https://www.google.com/maps/place/?q=place_id:ChIJsXAvIKov34cRAbOOxLQT3jo,,O'Fallon,MO,St. Charles,(636) 735-8311,,Bankruptcy,515 Jefferson St,63301,St. Louis,2
Williams Franklin A/ Disability Law Group,http://disabilitylawgroupllc.com,,,O'Fallon,MO,St. Charles,(636) 720-1992,,General,4151 Mexico Road,63376,St. Louis,4
"Winghaven Law, LLC",http://www.winghavenlaw.com/,https://www.google.com/maps/place/?q=place_id:ChIJ0WSFJvPR3ocRAXA0hXFhm5o,,O'Fallon,MO,St. Charles,(636) 594-7796,,Family Law,2315 Technology Dr #119,63368,St. Louis,4
Woodlawn Law Offices,https://www.woodlawnlawoffices.com/,https://www.google.com/maps/place/?q=place_id:ChIJRTsNLZDQ3ocRwNMTwkexAQI,,O'Fallon,MO,St. Charles,(636) 240-6667,law.dss@gmail.com,Personal Injury,410 Crestview Dr,63366,St. Louis,5
Alexander Law Firm,http://alexanderlawfirmllc.com,,,St. Charles,MO,St. Charles,(636) 334-3035,bbb@2x.png,Social Security Disability,1360 S 5th St Ste 100,63301,St. Louis,1
"Barklage, Brett, Wibbenmeyer & Hamill, P. C. Attorneys At Law",,,,St. Charles,MO,St. Charles,(636) 949-2120,,General,211 N 3rd St,63301,St. Louis,4
Boschert Larry Atty,http://www.boschertlaw.com,,,St. Charles,MO,St. Charles,(636) 936-2800,,General,2480 Executive Dr Ste 109,63303,St. Louis,4
Byrnes Law Firm,https://lawyerstlouis.net,,,St. Charles,MO,St. Charles,(636) 896-4300,,General,1000 Fairgrounds Rd Ste 103,63301,St. Louis,4
Christine L Frmn Law Offices,http://lawyers.justia.com/lawyer/christine-l-freeman-950138,,,St. Charles,MO,St. Charles,(636) 477-6267,,Criminal Defense,2440 Executive Dr,63303,St. Louis,5
Daniel Nack Attorney At Law,,,,St. Charles,MO,St. Charles,(636) 946-3044,,General,519 Madison St,63301,St. Louis,4
Easley Law Group,,,,St. Charles,MO,St. Charles,(314) 488-5834,,General,201 S 5th St,63301,St. Louis,4
Fleddermann Law Office,http://www.fleddermannlawoffice.com,,,St. Charles,MO,St. Charles,(636) 947-4343,fleddermann@fleddermannlawoffice.com,Personal Injury,320 N 5th St,63301,St. Louis,5
Fresh Start Alternative Divorce Services,http://www.freshstartdivorces.com,,,St. Charles,MO,St. Charles,(636) 928-0444,,General,5520 Saint Charles St,63304,St. Louis,4
Guinness Robert J Attorney,http://www.stclegal.com,,,St. Charles,MO,St. Charles,(636) 947-7711,buehler@stclegal.com,Personal Injury,415 N 2nd St,63301,St. Louis,5
Hager Law Firm,http://www.​thehagerlawfirm.​com,,,St. Charles,MO,St. Charles,(636) 395-0097,,General,566 1st Capitol Dr,63301,St. Louis,4
"Hammond & Blacketer, Attorneys At Law",http://www.hammondblacketer.com,,,St. Charles,MO,St. Charles,(636) 916-1800,,General,340 N Main St Ste 205,63301,St. Louis,4
Heagler Law Firm,,,,St. Charles,MO,St. Charles,(636) 278-2778,,General,901 Boones Lick Rd,63301,St. Louis,4
"James E. Carmichael, Attorney at Law",,,,St. Charles,MO,St. Charles,(314) 607-4733,,General,131 Jefferson St,63301,St. Louis,4
Kaiser And Kaiser PC,http://kaiserandkaiserpc.com/index2.php,,,St. Charles,MO,St. Charles,(636) 916-5300,,General,1148 S Benton Ave,63301,St. Louis,4
Law Office Of Martha M. Clark,http://clarkatlaw.com,,,St. Charles,MO,St. Charles,(636) 922-5529,,Family Law,"2460 Executive Dr, St Charles, MO 63303",63303,St. Louis,4
Law Office of Leslie Yoffie,,,,St. Charles,MO,St. Charles,(636) 946-6166,,General,320 N 5th St,63301,St. Louis,4
Law Offices Of Michael Kielty,https://rumble.com/vckx0h-bar-complaint.html,,,St. Charles,MO,St. Charles,(636) 940-7771,,Social Security Disability,60 Hill Pointe Ct Ste 202,63303,St. Louis,1
Law Offices Of Tim Braun,http://timbraunlaw.com,,,St. Charles,MO,St. Charles,(636) 940-1364,,General,125 N Main St Ste 208,63301,St. Louis,4
Law Offices of Henry Gerhardt,http://www.gerhardtlawfirm.com,,,St. Charles,MO,St. Charles,(636) 946-7900,info@gerhardtlawfirm.com,Estate Planning,731 S. Fifth Street,63301,St. Louis,2
Law Offices of Stephen A. Martin,http://www.stevemartinlaw.com,,,St. Charles,MO,St. Charles,(636) 949-3730,,General,330 Jefferson St,63301,St. Louis,4
Metzler Robert Attorney,,,,St. Charles,MO,St. Charles,(636) 947-2400,,General,330 Jefferson St,63301,St. Louis,4
Palumbo & Schroeder,http://www.palumbo-schroeder.com,,,St. Charles,MO,St. Charles,(636) 946-0303,,General,2268 Bluestone Dr,63303,St. Louis,4
Robert J. Lohr Attorney at Law,,,,St. Charles,MO,St. Charles,(636) 255-0777,,General,330 Jefferson St,63301,St. Louis,4
Skilled Law LLC,http://www.skilledlawllc.com,,,St. Charles,MO,St. Charles,(314) 463-8400,,General,"119 S. Main St., Location Hours By Appt Only",63301,St. Louis,4
Smith Leland,http://www.lelandsmithattorney.com,,,St. Charles,MO,St. Charles,(636) 947-7727,,General,1551 Wall St,63303,St. Louis,4
Stork Law Firm,http://storklawfirm.com,,,St. Charles,MO,St. Charles,(636) 757-3850,,General,26 Portwest Ct,63303,St. Louis,4
The Center for Family Law,http://www.thecenterforfamilylaw.com,,,St. Charles,MO,St. Charles,(636) 443-2313,abauer@thecenterforfamilylaw.com,Family Law,820 S Main St,63301,St. Louis,4
"The Gillespie Law Office, LLC",,,,St. Charles,MO,St. Charles,(314) 608-9073,,General,3209 Tiber St,63301,St. Louis,4
The Rubin Law Firm,https://www.lawrubin.com,,,St. Charles,MO,St. Charles,(636) 916-3300,jrubin@lawrubin.com,Personal Injury,302 Jefferson St,63301,St. Louis,5
The Small Business Law Center,,,,St. Charles,MO,St. Charles,(636) 352-2199,,General,10 Triad South Dr,63304,St. Louis,4
The Tillman Law Firm,http://www.lickerlawfirm.com,,,St. Charles,MO,St. Charles,(636) 373-8606,documents@lickerlawfirm.com,Personal Injury,1843 Sherman Dr,63303,St. Louis,5
Tim Kohlenhoefer - Attorney at Law,,,,St. Charles,MO,St. Charles,(636) 724-9559,,General,228 N. Main St.,63301,St. Louis,4
Tomich Law Firm,https://www.tomichlawfirm.com/?npcmp=dir:local:2401376:63301,,,St. Charles,MO,St. Charles,(636) 735-7854,,Family Law,309 N Main St Ste 210,63301,St. Louis,4
Traffic Law Counselors 45BUCKS.com,https://www.trafficlawoffices.com,,,St. Charles,MO,St. Charles,(636) 757-0909,,Criminal Defense,348 Woodbridge Dr,63303,St. Louis,5
Traffic Law St. Charles,http://www.trafficlawstcharles.com,,,St. Charles,MO,St. Charles,(636) 947-7707,,General,318 N 5th St,63301,St. Louis,4
Verity Law Firm,http://www.veritylawfirm.com,,,St. Charles,MO,St. Charles,(314) 603-9568,,General,2085 Bluestone Dr,63303,St. Louis,4
Wibbenmeyer Law Firm,,,,St. Charles,MO,St. Charles,(636) 724-3355,,General,1049 1st Capitol Dr,63301,St. Louis,4
Zimmerman Law Firm,http://www.saintcharlesfamilylaw.com,,,St. Charles,MO,St. Charles,(636) 493-9309,,General,400 N 5th St,63301,St. Louis,4
"Westerfeld Law Group, LLC",https://www.westerfeldlawgroup.com/?utm_source=google-local&utm_medium=organic&utm_campaign=1588,https://www.google.com/maps/place/?q=place_id:ChIJAeWwPsEp34cRIRm5jOlh20Q,,Weldon Spring,MO,St. Charles,(636) 447-4456,,Personal Injury,5933 MO-94 Ste 200,63304,St. Louis,5
Amber Bargen - Attorney,https://amberbargenlaw.com/,https://www.google.com/maps/place/?q=place_id:ChIJ4Z8hLdLH3ocRuediOF7Klsk,,Wentzville,MO,St. Charles,(636) 332-1234,,Criminal Defense,1429 Wentzville Pkwy,63385,St. Louis,5
Castle Law Office,http://www.castlelaw.net,,,Wentzville,MO,St. Charles,(636) 332-2401,,General,1127 Wentzville Pkwy,63385,St. Louis,4
Hannam Law,https://hannamlaw.org/,https://www.google.com/maps/place/?q=place_id:ChIJSSkF8j3H3ocRWgphhxIOUg4,,Wentzville,MO,St. Charles,(636) 398-2076,help@hannamlaw.org,Civil Litigation,111 W Allen St Suite 101,63385,St. Louis,3
Sivia Law Wentzville,https://www.sivialaw.com/locations/wentzville-mo-office,https://www.google.com/maps/place/?q=place_id:ChIJKWt384TI3ocRgptB-UASUdI,,Wentzville,MO,St. Charles,(636) 332-5555,info@sivialaw.com,Personal Injury,511 W Pearce Blvd,63385,St. Louis,5
"The Ferguson Law Firm Wentzville, Missouri",http://api.citygridmedia.com/content/places/v2/cli,,,Wentzville,MO,St. Charles,(636) 856-1532,,General,30 Tarpan Cir,63385,St. Louis,4
Vitale Law Firm,http://www.vitalelawstl.com/?utm_source=organic&utm_medium=google_my_business&utm_id=google,https://www.google.com/maps/place/?q=place_id:ChIJ3ZQCOPhH84YRrHLlUeZKQi4,,Wentzville,MO,St. Charles,(314) 584-3484,,Medical Malpractice,107 Creekside Office Dr,63385,St. Louis,5
Vogelman Law Firm,http://www.vogelmanlawfirm.com,,,Wentzville,MO,St. Charles,(636) 358-4434,,General,13 W Allen St,63385,St. Louis,4
Walker Law LLC,https://www.walkerlawstl.com/,https://www.google.com/maps/place/?q=place_id:ChIJjbTv3BPX3ocRe8HTLcEBJf8,,Wentzville,MO,St. Charles,(636) 688-8895,,Personal Injury,24 W Main St #216,63385,St. Louis,5
